Kecamatan,Rasio_Warga_Rentan,Total_Warga_Rentan,Total_Bantuan_PIP,GAP_PIP,SD,Risk_Score_AI,Predicted_Status,Priority_Score,Ranking
MANDALAJATI,31.302711820422992,24125.0,1177.0,22948,13.0,99.21,Tinggi,85.13,1
CIBIRU,30.711644859322966,23425.0,799.0,22626,15.0,98.83,Tinggi,84.77,2
MANDALAJATI,30.876251554217653,23591.0,1030.0,22561,14.0,99.0,Tinggi,84.31,3
CINAMBO,30.389859804109854,7912.0,159.0,7753,3.0,98.47,Tinggi,82.09,4
MANDALAJATI,30.660649366929928,24458.0,1139.0,23319,12.0,98.73,Tinggi,81.88,5
MANDALAJATI,30.52470572587617,22950.0,1164.0,21786,14.0,98.46,Tinggi,81.34,6
MANDALAJATI,30.59388273140818,24346.0,1174.0,23172,12.0,98.62,Tinggi,81.17,7
MANDALAJATI,30.093379166831298,22849.0,999.0,21850,12.0,97.67,Tinggi,79.61,8
MANDALAJATI,30.07375529832657,23201.0,1138.0,22063,15.0,97.52,Tinggi,79.41,9
MANDALAJATI,30.148783207104685,23526.0,1165.0,22361,14.0,97.73,Tinggi,79.18,10
CIBIRU,29.66134017228908,22553.0,848.0,21705,17.0,95.91,Tinggi,79.15,11
CIBIRU,29.46051819475759,23389.0,778.0,22611,17.0,94.8,Tinggi,78.83,12
BUAHBATU,29.307082488331694,30203.0,592.0,29611,14.0,94.22,Tinggi,78.72,13
MANDALAJATI,29.654981154432807,23525.0,1029.0,22496,15.0,95.9,Tinggi,77.83,14
MANDALAJATI,29.747749606664776,23067.0,1086.0,21981,14.0,96.34,Tinggi,77.45,15
CIBIRU,29.50067934782609,22581.0,827.0,21754,14.0,95.12,Tinggi,77.18,16
BANDUNG KULON,31.67204150837947,41936.0,4208.0,37728,26.0,99.22,Tinggi,75.96,17
BUAHBATU,28.89026717557252,30277.0,603.0,29674,14.0,90.14,Tinggi,75.13,18
CIBIRU,29.25106789224386,23899.0,939.0,22960,16.0,93.15,Tinggi,75.11,19
CIBIRU,29.19767267642212,23385.0,874.0,22511,15.0,92.75,Tinggi,75.0,20
BABAKAN CIPARAY,30.163941070379156,44655.0,3030.0,41625,18.0,97.7,Tinggi,74.31,21
BABAKAN CIPARAY,30.354362322382432,43472.0,3288.0,40184,18.0,98.05,Tinggi,74.01,22
BOJONGLOA KALER,29.015012291462806,36471.0,1089.0,35382,14.0,91.5,Tinggi,73.93,23
BABAKAN CIPARAY,30.189291070487617,44688.0,3057.0,41631,18.0,97.76,Tinggi,73.81,24
BABAKAN CIPARAY,29.94231088484312,43287.0,2862.0,40425,17.0,97.05,Tinggi,72.9,25
CIBIRU,28.70581056859929,22582.0,779.0,21803,14.0,86.87,Tinggi,72.71,26
CIBIRU,28.77302019919,22592.0,874.0,21718,15.0,87.68,Tinggi,72.14,27
UJUNG BERUNG,29.662299759330047,27238.0,1794.0,25444,9.0,95.88,Tinggi,71.76,28
BOJONGLOA KALER,28.456997985799497,36592.0,1026.0,35566,11.0,83.61,Tinggi,71.66,29
BABAKAN CIPARAY,29.876752217782894,44119.0,3383.0,40736,20.0,96.65,Tinggi,71.52,30
CIBIRU,28.67091535180141,22314.0,929.0,21385,15.0,85.99,Tinggi,71.21,31
CIBIRU,28.36344612871944,22229.0,807.0,21422,14.0,80.46,Tinggi,71.06,32
BABAKAN CIPARAY,29.73532189079598,42826.0,3182.0,39644,20.0,96.02,Tinggi,70.9,33
BABAKAN CIPARAY,29.44067081387909,43256.0,3012.0,40244,18.0,94.39,Tinggi,70.41,34
BANDUNG KULON,30.635317218994302,41812.0,4521.0,37291,24.0,98.28,Tinggi,70.12,35
BANDUNG KULON,30.248763993862596,42583.0,4265.0,38318,28.0,97.53,Tinggi,70.06,36
BOJONGLOA KALER,28.083672168073072,33913.0,973.0,32940,12.0,75.12,Tinggi,69.8,37
BOJONGLOA KALER,28.06203073698345,34273.0,947.0,33326,12.0,74.65,Tinggi,69.73,38
UJUNG BERUNG,28.930337526135872,26151.0,1679.0,24472,9.0,89.83,Tinggi,69.7,39
BOJONGLOA KIDUL,28.19618281701308,24893.0,809.0,24084,15.0,76.86,Tinggi,69.57,40
PANYILEUKAN,28.644723144797503,11557.0,580.0,10977,9.0,85.06,Tinggi,69.35,41
BOJONGLOA KALER,28.002172133968656,36612.0,1032.0,35580,13.0,73.22,Tinggi,69.28,42
CINAMBO,27.721272451850247,7686.0,155.0,7531,3.0,66.81,Tinggi,69.1,43
BANDUNG KULON,30.14156663246489,42008.0,4336.0,37672,25.0,97.21,Tinggi,69.05,44
BABAKAN CIPARAY,29.156127845481723,43112.0,3049.0,40063,18.0,92.01,Tinggi,68.94,45
BOJONGLOA KIDUL,27.97694109169519,24848.0,841.0,24007,13.0,71.91,Tinggi,68.81,46
BOJONGLOA KIDUL,27.951860684376907,25200.0,808.0,24392,14.0,71.27,Tinggi,68.53,47
CINAMBO,27.642335501217165,7608.0,168.0,7440,3.0,65.05,Tinggi,68.4,48
CINAMBO,27.49327153110048,7355.0,157.0,7198,3.0,61.83,Tinggi,68.07,49
KIARACONDONG,28.72386290148739,37310.0,2658.0,34652,17.0,86.59,Tinggi,68.05,50
BOJONGLOA KALER,27.663608039966743,35605.0,1061.0,34544,13.0,65.54,Tinggi,67.96,51
MANDALAJATI,28.077665069388264,22559.0,1061.0,21498,12.0,73.97,Tinggi,67.8,52
BANDUNG KULON,29.475704283422537,39320.0,3995.0,35325,28.0,93.69,Tinggi,67.51,53
BOJONGLOA KALER,27.51941345736923,34907.0,1033.0,33874,13.0,62.41,Tinggi,67.46,54
CIBIRU,27.770111513072017,22338.0,915.0,21423,16.0,66.56,Tinggi,67.43,55
CINAMBO,27.29444257828537,7313.0,153.0,7160,2.0,58.06,Tinggi,67.41,56
BANDUNG KULON,29.67955066032673,39261.0,4324.0,34937,28.0,94.91,Tinggi,67.35,57
BUAHBATU,27.590351020565134,28697.0,665.0,28032,12.0,63.81,Tinggi,67.16,58
KIARACONDONG,28.883837888043978,38250.0,3030.0,35220,16.0,88.73,Tinggi,67.08,59
BANDUNG KULON,29.651926526996903,39502.0,4467.0,35035,29.0,94.66,Tinggi,67.07,60
GEDEBAGE,27.56749136533446,11733.0,398.0,11335,8.0,62.42,Tinggi,67.06,61
PANYILEUKAN,28.45647221947113,11493.0,615.0,10878,8.0,81.72,Tinggi,66.99,62
ANTAPANI,28.20405293733118,22867.0,1100.0,21767,15.0,76.39,Tinggi,66.96,63
UJUNG BERUNG,28.23398280925128,26344.0,1728.0,24616,9.0,77.76,Tinggi,66.9,64
BUAHBATU,27.187340864940307,28830.0,603.0,28227,14.0,55.17,Tinggi,66.89,65
CIBIRU,27.701840030041307,22131.0,856.0,21275,16.0,65.1,Tinggi,66.64,66
BANDUNG KULON,29.431046068841933,39417.0,4201.0,35216,26.0,93.31,Tinggi,66.4,67
RANCASARI,27.337273967332376,23448.0,613.0,22835,9.0,58.56,Tinggi,66.35,68
MANDALAJATI,27.74628704844672,21391.0,1095.0,20296,13.0,66.32,Tinggi,66.28,69
CINAMBO,27.071034456148475,7016.0,151.0,6865,3.0,52.94,Tinggi,66.19,70
GEDEBAGE,27.41071428571429,11666.0,365.0,11301,7.0,59.38,Tinggi,66.03,71
CIBIRU,27.664794450602137,22214.0,818.0,21396,15.0,64.46,Tinggi,65.78,72
BOJONGLOA KIDUL,27.040722013809603,24868.0,772.0,24096,13.0,52.03,Tinggi,65.58,73
UJUNG BERUNG,28.02430394675877,26613.0,1836.0,24777,10.0,72.84,Tinggi,65.39,74
CINAMBO,26.846695002198445,7327.0,151.0,7176,3.0,47.72,Sedang,65.14,75
BANDUNG KULON,29.267909392281734,39111.0,4328.0,34783,28.0,91.72,Tinggi,64.98,76
SUMUR BANDUNG,27.362993593179677,10720.0,450.0,10270,13.0,56.54,Tinggi,64.62,77
GEDEBAGE,27.031162110473616,12014.0,354.0,11660,8.0,51.38,Tinggi,64.57,78
BUAHBATU,26.893848183928416,27922.0,576.0,27346,12.0,49.09,Sedang,64.34,79
BOJONGLOA KALER,27.03508758409692,35081.0,1100.0,33981,11.0,52.55,Tinggi,64.29,80
CIBIRU,27.38846241544425,21621.0,834.0,20787,16.0,58.47,Tinggi,64.11,81
BOJONGLOA KIDUL,26.75136737773877,24993.0,737.0,24256,14.0,44.21,Sedang,64.04,82
BABAKAN CIPARAY,28.570380155584918,42823.0,3453.0,39370,20.0,83.77,Tinggi,63.9,83
BANDUNG KULON,28.78303502701053,41506.0,3887.0,37619,26.0,86.46,Tinggi,63.73,84
BUAHBATU,26.800039438185124,29900.0,623.0,29277,12.0,46.24,Sedang,63.56,85
GEDEBAGE,26.92240741546629,12373.0,400.0,11973,8.0,49.09,Sedang,63.49,86
BANDUNG KULON,28.82332066655823,38987.0,4028.0,34959,28.0,86.56,Tinggi,63.44,87
BABAKAN CIPARAY,28.03214698685884,43879.0,3099.0,40780,19.0,72.79,Tinggi,62.98,88
BABAKAN CIPARAY,28.183779004340604,42075.0,3141.0,38934,19.0,76.01,Tinggi,62.53,89
ANTAPANI,27.230494633120617,22274.0,995.0,21279,17.0,55.2,Tinggi,62.47,90
ANDIR,27.24254215304799,26255.0,1551.0,24704,24.0,54.97,Tinggi,61.7,91
UJUNG BERUNG,27.743238717240224,26507.0,1942.0,24565,9.0,66.91,Tinggi,61.67,92
ARCAMANIK,27.391467655362096,22607.0,1096.0,21511,20.0,58.04,Tinggi,61.62,93
RANCASARI,26.46125806042289,22939.0,610.0,22329,9.0,38.13,Sedang,61.56,94
BABAKAN CIPARAY,28.26349182551095,41473.0,3369.0,38104,20.0,77.51,Tinggi,61.51,95
BABAKAN CIPARAY,27.663922499369463,42777.0,2932.0,39845,20.0,64.87,Tinggi,61.4,96
SUMUR BANDUNG,26.808828838120775,10397.0,488.0,9909,14.0,42.79,Sedang,61.39,97
SUMUR BANDUNG,26.98428510945633,10835.0,526.0,10309,13.0,48.57,Sedang,60.92,98
BOJONGLOA KALER,26.65915861947779,33377.0,1110.0,32267,12.0,42.48,Sedang,60.59,99
BABAKAN CIPARAY,28.159943954948403,41804.0,3442.0,38362,19.0,75.32,Tinggi,60.52,100
ANTAPANI,26.82260920897285,21810.0,1035.0,20775,15.0,45.89,Sedang,60.48,101
BABAKAN CIPARAY,27.746671384662356,39991.0,2891.0,37100,19.0,66.54,Tinggi,60.47,102
BANDUNG KULON,28.57132589696412,39753.0,4144.0,35609,27.0,82.47,Tinggi,60.38,103
KIARACONDONG,27.732715034585443,35763.0,2852.0,32911,17.0,66.18,Tinggi,60.35,104
ANTAPANI,26.777684003678186,21258.0,1081.0,20177,17.0,44.15,Sedang,60.22,105
CINAMBO,26.072354251086043,7142.0,172.0,6970,2.0,23.76,Sedang,60.19,106
CIBIRU,26.770768568559,22390.0,808.0,21582,16.0,44.15,Sedang,60.17,107
CINAMBO,26.072920622863656,6865.0,172.0,6693,2.0,23.78,Sedang,60.16,108
BOJONGLOA KALER,26.531385281385283,34321.0,1126.0,33195,12.0,39.58,Sedang,60.05,109
PANYILEUKAN,26.874633517063444,11458.0,579.0,10879,8.0,47.49,Sedang,59.89,110
BANDUNG KULON,28.371084235868853,40420.0,4054.0,36366,28.0,78.57,Tinggi,59.85,111
CINAMBO,25.7855452393956,7082.0,159.0,6923,3.0,6.43,Sedang,59.84,112
RANCASARI,26.206820439245117,23746.0,523.0,23223,9.0,29.48,Sedang,59.77,113
ARCAMANIK,26.506816996548043,21347.0,1000.0,20347,22.0,37.52,Sedang,59.76,114
BUAHBATU,26.2630460884825,28435.0,627.0,27808,14.0,31.33,Sedang,59.75,115
RANCASARI,26.201071141456342,23140.0,565.0,22575,9.0,29.29,Sedang,59.43,116
ANDIR,26.916325336454065,26220.0,1521.0,24699,25.0,47.64,Sedang,59.39,117
ARCAMANIK,26.79679922405432,22102.0,1157.0,20945,21.0,44.05,Sedang,59.33,118
KIARACONDONG,27.681911146018837,35597.0,3080.0,32517,19.0,64.88,Tinggi,59.3,119
BOJONGLOA KALER,26.28116287032659,32237.0,973.0,31264,12.0,33.39,Sedang,59.21,120
CINAMBO,25.73090801973636,6988.0,143.0,6845,2.0,5.38,Sedang,59.1,121
ANTAPANI,26.81926887598223,21195.0,1142.0,20053,14.0,45.96,Sedang,59.08,122
SUMUR BANDUNG,26.669045858930897,10462.0,470.0,9992,12.0,40.16,Sedang,58.91,123
BANDUNG KULON,28.65149345409873,39415.0,4546.0,34869,27.0,83.55,Tinggi,58.91,123
SUMUR BANDUNG,26.63405388792132,10399.0,481.0,9918,12.0,39.47,Sedang,58.68,125
CINAMBO,25.74300071787509,7172.0,163.0,7009,2.0,5.81,Sedang,58.67,126
ANTAPANI,26.715204145276594,22273.0,1057.0,21216,14.0,43.09,Sedang,58.57,127
BANDUNG KULON,28.36425661767881,39411.0,4376.0,35035,27.0,78.12,Tinggi,58.4,128
CIBIRU,26.385381978751177,21631.0,893.0,20738,17.0,35.58,Sedang,58.33,129
BUAHBATU,26.120455008910444,29461.0,573.0,28888,12.0,25.24,Sedang,58.16,130
CIBIRU,26.34247639916935,20677.0,807.0,19870,15.0,34.25,Sedang,58.13,131
GEDEBAGE,25.96083118793674,11294.0,366.0,10928,8.0,12.92,Sedang,58.0,132
ANDIR,26.850862463745997,26385.0,1570.0,24815,22.0,46.19,Sedang,58.0,132
BATUNUNGGAL,27.188803614794253,32132.0,2445.0,29687,14.0,55.34,Tinggi,57.99,134
CINAMBO,25.22085757379875,7023.0,157.0,6866,2.0,0.48,Sedang,57.83,135
SUKASARI,27.25143054648796,21288.0,1752.0,19536,24.0,54.44,Tinggi,57.71,136
BABAKAN CIPARAY,26.997940919722524,40515.0,2910.0,37605,18.0,51.5,Tinggi,57.7,137
CIBIRU,25.980719317760474,21021.0,857.0,20164,17.0,13.91,Sedang,57.69,138
GEDEBAGE,25.943713811212355,11560.0,393.0,11167,8.0,12.23,Sedang,57.66,139
ANDIR,26.49392729261472,25675.0,1551.0,24124,25.0,37.63,Sedang,57.62,140
UJUNG BERUNG,26.772791580575884,26304.0,1752.0,24552,10.0,45.94,Sedang,57.59,141
BUAHBATU,26.01380539665505,28604.0,649.0,27955,14.0,17.39,Sedang,57.53,142
KIARACONDONG,27.38288323754035,34779.0,3074.0,31705,17.0,58.9,Tinggi,57.48,143
UJUNG BERUNG,26.871297231448416,25808.0,1945.0,23863,10.0,48.96,Sedang,57.34,144
UJUNG BERUNG,26.804762681454903,24651.0,1660.0,22991,9.0,46.98,Sedang,57.34,144
BANDUNG KULON,28.088477470745705,38718.0,4380.0,34338,27.0,72.26,Tinggi,57.33,146
RANCASARI,25.68856226201445,23140.0,574.0,22566,10.0,4.17,Sedang,57.31,147
ANTAPANI,26.25510178531187,20971.0,1041.0,19930,16.0,30.48,Sedang,57.27,148
LENGKONG,26.57953015762734,18363.0,1206.0,17157,23.0,38.43,Sedang,57.27,148
RANCASARI,25.64787059555455,22674.0,587.0,22087,10.0,3.46,Sedang,57.26,150
ARCAMANIK,26.44490747631096,21322.0,1107.0,20215,20.0,36.81,Sedang,57.22,151
CIBIRU,26.0925865976044,21762.0,893.0,20869,15.0,22.67,Sedang,57.17,152
BUAHBATU,25.9465570967653,28227.0,670.0,27557,13.0,13.37,Sedang,56.86,153
KIARACONDONG,26.93482983345402,37197.0,2942.0,34255,17.0,50.24,Tinggi,56.77,154
CINAMBO,25.131608215318455,6779.0,166.0,6613,2.0,0.26,Sedang,56.67,155
ANDIR,26.3189683809984,26145.0,1522.0,24623,23.0,32.99,Sedang,56.58,156
ARCAMANIK,26.159488027611992,21828.0,1103.0,20725,20.0,25.43,Sedang,56.49,157
BANDUNG KIDUL,26.01704609534857,16148.0,721.0,15427,10.0,18.62,Sedang,56.37,158
KIARACONDONG,26.457191941502995,36653.0,2624.0,34029,17.0,38.42,Sedang,56.23,159
CINAMBO,24.717176403411727,6926.0,148.0,6778,3.0,0.01,Sedang,56.2,160
GEDEBAGE,25.33059202840989,10842.0,376.0,10466,8.0,0.69,Sedang,56.19,161
KIARACONDONG,26.82026543427538,35749.0,2911.0,32838,18.0,46.96,Sedang,56.17,162
RANCASARI,25.303667554927703,23644.0,603.0,23041,9.0,0.7,Sedang,56.15,163
BUAHBATU,25.63738608418921,28357.0,642.0,27715,15.0,3.03,Sedang,56.13,164
BABAKAN CIPARAY,26.711577526398116,41158.0,3061.0,38097,18.0,44.06,Sedang,56.03,165
BANDUNG KULON,26.991415733824265,38266.0,3746.0,34520,25.0,50.84,Tinggi,55.94,166
CIBEUNYING KALER,26.090559253953536,18577.0,1201.0,17376,10.0,25.64,Sedang,55.86,167
RANCASARI,25.131111303744795,23193.0,554.0,22639,9.0,0.23,Sedang,55.83,168
BANDUNG KIDUL,25.853512044003285,16357.0,781.0,15576,9.0,9.84,Sedang,55.81,169
UJUNG BERUNG,26.348088939381643,25975.0,1682.0,24293,9.0,36.82,Sedang,55.75,170
BANDUNG KIDUL,25.82658887006713,16466.0,775.0,15691,9.0,8.65,Sedang,55.74,171
CIBIRU,25.629876260994884,20630.0,835.0,19795,14.0,3.09,Sedang,55.65,172
ARCAMANIK,25.792474068336134,21310.0,1119.0,20191,21.0,5.73,Sedang,55.56,173
CINAMBO,24.44789260969977,6775.0,142.0,6633,3.0,0.0,Sedang,55.37,174
ANTAPANI,25.66940767563247,21196.0,1063.0,20133,16.0,3.8,Sedang,55.3,175
ARCAMANIK,25.857790503459796,21674.0,1144.0,20530,19.0,8.31,Sedang,55.21,176
RANCASARI,24.774677648885245,22980.0,554.0,22426,9.0,0.01,Sedang,55.1,177
CIBEUNYING KIDUL,27.75110617487416,30983.0,3309.0,27674,16.0,66.14,Tinggi,55.03,178
ARCAMANIK,25.45708159454038,22083.0,1001.0,21082,22.0,1.18,Sedang,54.99,179
SUKASARI,26.901493457295857,20949.0,1871.0,19078,21.0,47.16,Sedang,54.99,179
RANCASARI,24.816758515661803,22651.0,600.0,22051,9.0,0.02,Sedang,54.89,181
ANDIR,25.67300156739812,26207.0,1349.0,24858,24.0,3.53,Sedang,54.82,182
ARCAMANIK,25.58986576258762,22342.0,986.0,21356,20.0,2.3,Sedang,54.82,182
ARCAMANIK,25.667608091662647,22357.0,1145.0,21212,21.0,3.37,Sedang,54.8,184
SUKASARI,26.67448986244214,20458.0,1677.0,18781,21.0,41.05,Sedang,54.76,185
BABAKAN CIPARAY,26.360034268579994,39384.0,3055.0,36329,18.0,36.94,Sedang,54.53,186
ANTAPANI,25.707929052592547,20799.0,1134.0,19665,15.0,4.76,Sedang,54.42,187
SUKAJADI,27.463302448396288,29018.0,3062.0,25956,22.0,59.51,Tinggi,54.27,188
ANTAPANI,25.488148949128103,20507.0,1079.0,19428,15.0,1.73,Sedang,54.07,189
SUKAJADI,27.434229407825505,28677.0,3083.0,25594,22.0,58.94,Tinggi,54.01,190
KIARACONDONG,26.398385668452303,36368.0,2846.0,33522,18.0,37.46,Sedang,53.95,191
SUKAJADI,27.032865915864857,27028.0,2645.0,24383,20.0,51.39,Tinggi,53.57,192
SUKAJADI,27.216822993181903,28901.0,2949.0,25952,21.0,54.99,Tinggi,53.41,193
BANDUNG KIDUL,25.354232947932022,16337.0,810.0,15527,9.0,1.03,Sedang,53.33,194
BOJONGLOA KALER,24.60980336192522,32765.0,1105.0,31660,12.0,0.0,Sedang,53.13,195
ASTANAANYAR,25.855356381295657,18794.0,1261.0,17533,14.0,10.07,Sedang,53.03,196
RANCASARI,24.491857643273637,22304.0,596.0,21708,9.0,0.0,Sedang,52.96,197
SUMUR BANDUNG,25.77251161532978,10484.0,513.0,9971,13.0,4.38,Sedang,52.89,198
PANYILEUKAN,25.303992633343565,10717.0,607.0,10110,9.0,0.72,Sedang,52.64,199
SUMUR BANDUNG,25.388677031387505,10386.0,521.0,9865,15.0,0.67,Sedang,52.62,200
SUMUR BANDUNG,25.40348041320436,10058.0,522.0,9536,13.0,0.8,Sedang,52.59,201
ANDIR,25.318584328858734,26047.0,1483.0,24564,23.0,0.75,Sedang,52.5,202
SUMUR BANDUNG,25.279298471599493,10205.0,505.0,9700,14.0,0.4,Sedang,52.47,203
SUMUR BANDUNG,25.15527156549521,9842.0,530.0,9312,15.0,0.14,Sedang,52.33,204
ASTANAANYAR,25.49711764287239,17913.0,1265.0,16648,17.0,1.86,Sedang,52.11,205
BANDUNG KULON,26.60132446645705,38241.0,4462.0,33779,27.0,40.95,Sedang,52.03,206
SUKAJADI,27.27398096889221,27688.0,3107.0,24581,21.0,55.96,Tinggi,51.98,207
RANCASARI,24.278514793617187,22016.0,591.0,21425,10.0,0.0,Sedang,51.91,208
ANTAPANI,25.195929754697104,21765.0,1155.0,20610,16.0,0.44,Sedang,51.85,209
ARCAMANIK,25.455795565232336,22214.0,1196.0,21018,20.0,1.35,Sedang,51.83,210
SUMUR BANDUNG,24.8949446071565,9775.0,467.0,9308,14.0,0.02,Sedang,51.69,211
ARCAMANIK,25.095246572903683,21144.0,1091.0,20053,21.0,0.15,Sedang,51.59,212
ARCAMANIK,25.08951678661325,21231.0,1045.0,20186,19.0,0.15,Sedang,51.44,213
PANYILEUKAN,25.313336650318668,10684.0,657.0,10027,8.0,0.84,Sedang,51.18,214
PANYILEUKAN,25.1768651231165,10961.0,660.0,10301,9.0,0.4,Sedang,51.03,215
CIDADAP,27.05040369711028,15043.0,1660.0,13383,13.0,51.39,Tinggi,50.95,216
SUMUR BANDUNG,24.732026785057272,10083.0,497.0,9586,14.0,0.01,Sedang,50.93,217
RANCASARI,24.12524642884677,21905.0,598.0,21307,9.0,0.0,Rendah,50.92,218
UJUNG BERUNG,25.552371079537373,25142.0,1818.0,23324,10.0,3.43,Sedang,50.68,219
RANCASARI,23.95561793997728,21504.0,546.0,20958,9.0,0.0,Rendah,50.49,220
CIBEUNYING KALER,25.53118963754119,17976.0,1275.0,16701,9.0,2.9,Sedang,50.45,221
SUMUR BANDUNG,24.832953961377488,10146.0,498.0,9648,12.0,0.02,Sedang,50.44,222
KIARACONDONG,25.96410361647382,32896.0,2840.0,30056,16.0,20.7,Sedang,50.38,223
PANYILEUKAN,24.843012329834533,10840.0,608.0,10232,9.0,0.03,Sedang,50.27,224
ANDIR,24.86170805475963,24989.0,1444.0,23545,25.0,0.03,Sedang,50.24,225
UJUNG BERUNG,25.701090817904458,24598.0,2019.0,22579,9.0,7.28,Sedang,50.21,226
SUMUR BANDUNG,24.67172041629192,9601.0,522.0,9079,13.0,0.0,Sedang,49.89,227
SUMUR BANDUNG,24.431558065008392,9606.0,471.0,9135,14.0,0.0,Sedang,49.85,228
GEDEBAGE,24.25507070881806,11217.0,363.0,10854,8.0,0.0,Rendah,49.84,229
BATUNUNGGAL,25.852769189407176,30771.0,2631.0,28140,15.0,13.37,Sedang,49.82,230
BANDUNG KIDUL,24.70700553068212,15010.0,771.0,14239,9.0,0.01,Sedang,49.75,231
BANDUNG KIDUL,24.652375434530708,16169.0,758.0,15411,9.0,0.01,Sedang,49.73,232
UJUNG BERUNG,25.14717654092065,24818.0,1773.0,23045,10.0,0.54,Sedang,49.25,233
ANDIR,24.86227208413193,24776.0,1490.0,23286,24.0,0.03,Sedang,49.17,234
ARCAMANIK,24.680227504160147,19874.0,1079.0,18795,20.0,0.01,Sedang,49.16,235
RANCASARI,23.813861518123957,21437.0,629.0,20808,9.0,0.0,Rendah,49.04,236
KIARACONDONG,25.71202071332984,35353.0,3009.0,32344,16.0,7.39,Sedang,48.98,237
BABAKAN CIPARAY,25.362346798358992,39442.0,2976.0,36466,20.0,1.41,Sedang,48.97,238
LENGKONG,25.035266899898435,17747.0,1069.0,16678,20.0,0.1,Sedang,48.95,239
CIDADAP,26.80726070285292,15241.0,1774.0,13467,14.0,45.05,Sedang,48.76,240
SUKAJADI,26.667053959585985,27542.0,3037.0,24505,20.0,42.25,Sedang,48.64,241
SUKAJADI,26.11790132657624,28036.0,2629.0,25407,20.0,27.17,Sedang,48.6,242
BUAHBATU,23.85868380910874,26277.0,620.0,25657,13.0,0.0,Rendah,48.47,243
ARCAMANIK,24.499304672363994,20612.0,1073.0,19539,22.0,0.0,Sedang,48.45,244
CIDADAP,26.93608143591957,14977.0,1935.0,13042,15.0,48.42,Sedang,48.16,245
SUMUR BANDUNG,24.024614441834338,9409.0,447.0,8962,14.0,0.0,Rendah,48.15,246
LENGKONG,24.96900671634674,18328.0,1127.0,17201,21.0,0.06,Sedang,48.15,246
CIBEUNYING KIDUL,26.267248412613952,29620.0,3341.0,26279,17.0,34.89,Sedang,48.13,248
ANDIR,24.735773364370264,24972.0,1546.0,23426,24.0,0.01,Sedang,47.94,249
BANDUNG KIDUL,24.170457799128307,15195.0,712.0,14483,10.0,0.0,Rendah,47.89,250
CIBEUNYING KALER,24.778048941362705,18783.0,1240.0,17543,10.0,0.03,Sedang,47.84,251
KIARACONDONG,25.32779316712835,32916.0,2850.0,30066,18.0,1.32,Sedang,47.73,252
ARCAMANIK,24.5770881630592,21415.0,1104.0,20311,19.0,0.0,Sedang,47.71,253
BANDUNG KIDUL,24.205162290905065,15295.0,778.0,14517,10.0,0.0,Sedang,47.27,254
SUKAJADI,25.81803407254826,27324.0,2793.0,24531,22.0,10.63,Sedang,47.21,255
CIDADAP,26.5920362251132,14799.0,1838.0,12961,14.0,40.06,Sedang,47.02,256
ANDIR,24.55566415990106,24620.0,1609.0,23011,25.0,0.0,Sedang,47.01,257
CIBEUNYING KIDUL,25.90499839524316,30671.0,3257.0,27414,17.0,17.99,Sedang,46.9,258
SUKASARI,25.20131187708171,19748.0,1647.0,18101,22.0,0.49,Sedang,46.86,259
SUKASARI,25.516711486746065,19926.0,1864.0,18062,22.0,2.24,Sedang,46.81,260
REGOL,24.674478350773857,19689.0,1302.0,18387,22.0,0.01,Sedang,46.75,261
PANYILEUKAN,24.38490096156064,10575.0,635.0,9940,9.0,0.0,Sedang,46.7,262
BATUNUNGGAL,25.243313416709,31306.0,2676.0,28630,17.0,0.89,Sedang,46.68,263
ANDIR,24.61929188793077,24525.0,1558.0,22967,22.0,0.01,Sedang,46.63,264
CIBEUNYING KALER,24.899603805622185,18477.0,1412.0,17065,9.0,0.09,Sedang,46.63,264
KIARACONDONG,25.173831663296525,33489.0,2760.0,30729,16.0,0.66,Sedang,46.6,266
ARCAMANIK,24.48890975237648,20867.0,1185.0,19682,19.0,0.0,Sedang,46.44,267
BATUNUNGGAL,25.02325430912459,30937.0,2423.0,28514,14.0,0.26,Sedang,46.2,268
ASTANAANYAR,24.436616001688837,18521.0,1201.0,17320,17.0,0.0,Sedang,46.17,269
KIARACONDONG,24.86264135585337,34210.0,2677.0,31533,17.0,0.07,Sedang,46.15,270
BATUNUNGGAL,25.06254685749425,29752.0,2609.0,27143,15.0,0.4,Sedang,46.03,271
ARCAMANIK,24.118877994874328,20516.0,1104.0,19412,22.0,0.0,Rendah,46.02,272
BATUNUNGGAL,25.109656355121697,30455.0,2668.0,27787,14.0,0.53,Sedang,45.96,273
SUMUR BANDUNG,24.149447920041872,9689.0,534.0,9155,13.0,0.0,Rendah,45.88,274
SUMUR BANDUNG,23.77202281791105,9418.0,466.0,8952,14.0,0.0,Rendah,45.87,275
SUKAJADI,25.580931390245293,26927.0,2778.0,24149,20.0,4.06,Sedang,45.86,276
SUKAJADI,25.62396323907945,26878.0,2915.0,23963,21.0,4.96,Sedang,45.71,277
LENGKONG,24.51996076376292,18248.0,1059.0,17189,22.0,0.0,Sedang,45.7,278
PANYILEUKAN,24.217192447519643,10325.0,563.0,9762,8.0,0.0,Sedang,45.68,279
SUKASARI,25.27245800792375,19966.0,1809.0,18157,22.0,0.74,Sedang,45.66,280
BATUNUNGGAL,25.07935763318791,32077.0,2838.0,29239,14.0,0.47,Sedang,45.58,281
BATUNUNGGAL,24.90490592251845,29398.0,2707.0,26691,16.0,0.13,Sedang,45.42,282
KIARACONDONG,24.5911446508242,34118.0,2739.0,31379,16.0,0.01,Sedang,45.39,283
COBLONG,25.474812395471226,29093.0,3167.0,25926,23.0,2.64,Sedang,45.29,284
SUKAJADI,25.760142666072223,26001.0,3140.0,22861,21.0,9.59,Sedang,45.18,285
PANYILEUKAN,24.06421014228384,9894.0,604.0,9290,8.0,0.0,Rendah,45.11,286
COBLONG,25.639088387968428,28845.0,3252.0,25593,20.0,5.77,Sedang,45.06,287
CIDADAP,25.9046739265602,14582.0,1816.0,12766,15.0,15.35,Sedang,44.93,288
ARCAMANIK,23.81619468821636,20571.0,985.0,19586,20.0,0.0,Rendah,44.9,289
SUKAJADI,25.426539618292715,27138.0,2830.0,24308,19.0,2.19,Sedang,44.87,290
CIBEUNYING KIDUL,25.80841817405921,29634.0,3895.0,25739,16.0,14.87,Sedang,44.77,291
SUKAJADI,25.21091471411513,25759.0,2672.0,23087,21.0,0.78,Sedang,44.77,291
SUKAJADI,25.71748229394548,25745.0,3142.0,22603,19.0,8.46,Sedang,44.76,293
CIDADAP,25.929529132911167,14659.0,1916.0,12743,16.0,16.9,Sedang,44.76,293
ASTANAANYAR,24.261493655086333,18660.0,1129.0,17531,15.0,0.0,Sedang,44.74,295
BATUNUNGGAL,24.73585498120221,29147.0,2729.0,26418,15.0,0.04,Sedang,44.66,296
SUMUR BANDUNG,23.83209689270224,10055.0,513.0,9542,14.0,0.0,Rendah,44.65,297
KIARACONDONG,24.34111043085071,32999.0,2912.0,30087,17.0,0.0,Sedang,44.52,298
GEDEBAGE,23.47307235016953,10661.0,379.0,10282,8.0,0.0,Rendah,44.48,299
SUKAJADI,25.539281744587512,25964.0,3196.0,22768,22.0,3.8,Sedang,44.48,299
ASTANAANYAR,24.35448638960457,17393.0,1245.0,16148,15.0,0.0,Sedang,44.45,301
BANDUNG WETAN,25.246296690055992,7124.0,585.0,6539,15.0,0.24,Sedang,44.41,302
CIBEUNYING KIDUL,25.395816785808844,28776.0,3597.0,25179,18.0,2.44,Sedang,44.36,303
BANDUNG WETAN,24.80508026106897,7031.0,499.0,6532,15.0,0.01,Sedang,44.31,304
BATUNUNGGAL,24.565992672445308,30240.0,2825.0,27415,15.0,0.01,Sedang,44.15,305
CIDADAP,25.788729030005697,14035.0,1812.0,12223,15.0,9.72,Sedang,44.14,306
BATUNUNGGAL,24.40922768304915,30420.0,2695.0,27725,16.0,0.0,Sedang,44.1,307
BATUNUNGGAL,24.28276615546473,30005.0,2593.0,27412,16.0,0.0,Sedang,44.01,308
BATUNUNGGAL,24.16026027043725,30893.0,2484.0,28409,15.0,0.0,Sedang,43.95,309
ASTANAANYAR,24.282031379941238,17519.0,1207.0,16312,14.0,0.0,Sedang,43.89,310
BANDUNG WETAN,24.42774407060121,7086.0,502.0,6584,16.0,0.0,Sedang,43.83,311
COBLONG,24.935309928047943,29873.0,2853.0,27020,21.0,0.14,Sedang,43.73,312
CIBEUNYING KALER,24.308528035721903,17094.0,1319.0,15775,9.0,0.0,Sedang,43.68,313
LENGKONG,24.316867405953204,18332.0,1184.0,17148,23.0,0.0,Sedang,43.65,314
ARCAMANIK,23.773615040613308,20839.0,1096.0,19743,20.0,0.0,Rendah,43.63,315
BATUNUNGGAL,24.0144257680682,30031.0,2488.0,27543,16.0,0.0,Rendah,43.59,316
ASTANAANYAR,24.02224056061365,17757.0,1165.0,16592,16.0,0.0,Rendah,43.56,317
BANDUNG KIDUL,23.458475889473604,15290.0,710.0,14580,9.0,0.0,Rendah,43.47,318
CIBEUNYING KALER,24.16116630610023,17534.0,1290.0,16244,10.0,0.0,Sedang,43.46,319
CIBEUNYING KIDUL,24.86727667675895,29650.0,3445.0,26205,17.0,0.15,Sedang,43.37,320
REGOL,24.177000062944547,19205.0,1407.0,17798,21.0,0.0,Rendah,43.29,321
CIBEUNYING KIDUL,24.92687093907206,28888.0,3619.0,25269,17.0,0.28,Sedang,43.2,322
CIDADAP,25.50767530175257,14307.0,1950.0,12357,16.0,3.16,Sedang,43.14,323
LENGKONG,23.94900312716673,16925.0,1048.0,15877,23.0,0.0,Rendah,43.1,324
BATUNUNGGAL,23.923140278332045,28175.0,2495.0,25680,14.0,0.0,Rendah,42.99,325
CIDADAP,25.29375924797633,14530.0,1781.0,12749,14.0,1.25,Sedang,42.98,326
BANDUNG KIDUL,23.45213137665968,15102.0,833.0,14269,9.0,0.0,Rendah,42.9,327
SUKASARI,24.460796139927623,20278.0,1748.0,18530,21.0,0.0,Sedang,42.89,328
CIDADAP,25.20015587360068,14227.0,1795.0,12432,15.0,0.82,Sedang,42.89,328
ARCAMANIK,23.650218493059985,19646.0,1121.0,18525,19.0,0.0,Rendah,42.85,330
COBLONG,24.864779403198696,29881.0,3154.0,26727,23.0,0.1,Sedang,42.85,330
CIDADAP,25.292961507083,13641.0,1901.0,11740,16.0,1.29,Sedang,42.79,332
SUKAJADI,24.98580300060452,27279.0,2890.0,24389,19.0,0.26,Sedang,42.77,333
BANDUNG KIDUL,23.221586263287,15052.0,751.0,14301,10.0,0.0,Rendah,42.69,334
ARCAMANIK,23.675149266709177,20421.0,1157.0,19264,19.0,0.0,Rendah,42.68,335
LENGKONG,23.87782464176978,17097.0,1123.0,15974,24.0,0.0,Rendah,42.64,336
LENGKONG,23.96704531269505,17280.0,1124.0,16156,23.0,0.0,Rendah,42.5,337
BATUNUNGGAL,23.699569422005087,30658.0,2692.0,27966,17.0,0.0,Rendah,42.48,338
CIBEUNYING KIDUL,24.621722182849044,27793.0,3501.0,24292,17.0,0.03,Sedang,42.46,339
ASTANAANYAR,23.74883022051167,18018.0,1176.0,16842,16.0,0.0,Rendah,42.4,340
ANDIR,23.58714043993232,24395.0,1438.0,22957,25.0,0.0,Rendah,42.35,341
BANDUNG KIDUL,23.164975941647,15117.0,792.0,14325,9.0,0.0,Rendah,42.32,342
CIDADAP,25.219404511925912,14052.0,1817.0,12235,13.0,1.0,Sedang,42.3,343
BANDUNG KIDUL,23.155790854858644,15177.0,853.0,14324,10.0,0.0,Rendah,42.27,344
CIBEUNYING KIDUL,24.82715591379717,29446.0,3958.0,25488,18.0,0.16,Sedang,42.21,345
COBLONG,24.556267637207583,27933.0,2817.0,25116,20.0,0.01,Sedang,42.17,347
SUKAJADI,24.848576763760796,26215.0,2866.0,23349,19.0,0.1,Sedang,42.17,347
BANDUNG KIDUL,23.1060433985978,15259.0,772.0,14487,9.0,0.0,Rendah,42.17,347
ANTAPANI,23.243301153475308,19526.0,1057.0,18469,16.0,0.0,Rendah,42.17,347
PANYILEUKAN,23.382080232858385,9961.0,579.0,9382,8.0,0.0,Rendah,42.06,350
REGOL,23.649998115838265,18828.0,1235.0,17593,22.0,0.0,Rendah,42.03,351
ANDIR,23.616382036685643,23896.0,1481.0,22415,23.0,0.0,Rendah,41.95,352
SUKAJADI,24.76473224288595,26526.0,3030.0,23496,21.0,0.05,Sedang,41.73,353
BANDUNG KIDUL,22.88668481784001,14122.0,712.0,13410,9.0,0.0,Rendah,41.7,354
SUKASARI,24.52216977482009,19014.0,1972.0,17042,20.0,0.01,Sedang,41.67,355
BANDUNG KIDUL,22.78577202910267,14093.0,735.0,13358,9.0,0.0,Rendah,41.37,356
BANDUNG WETAN,23.61600446506436,6770.0,565.0,6205,18.0,0.0,Rendah,41.35,358
CIBEUNYING KIDUL,24.745886400361407,28484.0,3810.0,24674,15.0,0.1,Sedang,41.35,358
COBLONG,24.40021135016429,29555.0,3063.0,26492,21.0,0.0,Sedang,41.35,358
BATUNUNGGAL,23.182170417487328,28719.0,2358.0,26361,15.0,0.0,Rendah,41.17,360
ARCAMANIK,23.18361262824469,19908.0,1099.0,18809,19.0,0.0,Rendah,41.15,361
CIBEUNYING KIDUL,24.407507273114312,27518.0,3560.0,23958,17.0,0.01,Sedang,41.15,361
BANDUNG WETAN,24.175634061105157,6987.0,514.0,6473,15.0,0.0,Rendah,41.08,363
BANDUNG KIDUL,22.70276116750877,14693.0,846.0,13847,10.0,0.0,Rendah,40.98,364
BANDUNG KIDUL,22.7256878407506,14339.0,837.0,13502,9.0,0.0,Rendah,40.95,365
COBLONG,24.46370899201088,28784.0,3300.0,25484,21.0,0.01,Sedang,40.89,366
SUKAJADI,24.299483780025525,25513.0,2695.0,22818,18.0,0.0,Sedang,40.83,367
SUKAJADI,24.158926437235912,25672.0,2635.0,23037,20.0,0.0,Sedang,40.8,368
SUKAJADI,24.29294269427492,26550.0,2822.0,23728,20.0,0.0,Sedang,40.77,369
LENGKONG,23.26495398773006,16989.0,1068.0,15921,25.0,0.0,Rendah,40.63,370
CIBEUNYING KALER,23.448832671735182,17426.0,1414.0,16012,9.0,0.0,Rendah,40.61,371
CIDADAP,24.44702311880746,13694.0,1773.0,11921,16.0,0.01,Sedang,40.58,372
COBLONG,24.07184855988321,29845.0,2940.0,26905,20.0,0.0,Sedang,40.54,373
CIDADAP,24.88510859091246,13429.0,1883.0,11546,14.0,0.17,Sedang,40.51,374
CIDADAP,24.434883802941076,13858.0,1705.0,12153,14.0,0.0,Sedang,40.32,375
ASTANAANYAR,22.947246626394172,17056.0,1056.0,16000,17.0,0.0,Rendah,40.21,376
CICENDO,25.268700858400056,24521.0,3464.0,21057,28.0,1.21,Sedang,40.2,377
ASTANAANYAR,23.160482851546764,16673.0,1251.0,15422,15.0,0.0,Rendah,39.79,378
CICENDO,25.30191733067729,24387.0,3648.0,20739,28.0,1.51,Sedang,39.7,379
BATUNUNGGAL,22.87631538813482,28500.0,2431.0,26069,14.0,0.0,Rendah,39.7,379
ANDIR,23.12743309299172,23704.0,1630.0,22074,21.0,0.0,Rendah,39.64,381
CIBEUNYING KIDUL,24.26556143465004,28571.0,3809.0,24762,17.0,0.0,Sedang,39.42,382
BATUNUNGGAL,22.72261867825008,29294.0,2523.0,26771,17.0,0.0,Rendah,39.4,383
SUKASARI,23.571375948527788,19197.0,1858.0,17339,23.0,0.0,Rendah,39.28,384
LENGKONG,23.429737156179744,16883.0,1233.0,15650,22.0,0.0,Rendah,39.07,385
BANDUNG KIDUL,22.03273897430317,14173.0,713.0,13460,9.0,0.0,Rendah,39.02,386
COBLONG,23.742897190770755,28288.0,3135.0,25153,20.0,0.0,Rendah,38.98,387
COBLONG,23.51487509429709,27119.0,2895.0,24224,20.0,0.0,Rendah,38.77,388
SUKASARI,23.44713162898284,19361.0,1838.0,17523,22.0,0.0,Rendah,38.74,389
CIBEUNYING KIDUL,24.02604922983724,26969.0,3572.0,23397,16.0,0.0,Sedang,38.72,390
REGOL,22.859772936483584,19370.0,1342.0,18028,23.0,0.0,Rendah,38.7,391
COBLONG,23.480976237221583,27747.0,2868.0,24879,20.0,0.0,Rendah,38.68,392
REGOL,22.902087226272915,18752.0,1345.0,17407,22.0,0.0,Rendah,38.66,393
COBLONG,23.47921595133491,27790.0,3105.0,24685,22.0,0.0,Rendah,38.25,394
CIBEUNYING KIDUL,24.005504446879534,28260.0,3765.0,24495,15.0,0.0,Sedang,38.21,395
CIBEUNYING KALER,22.648601871382983,16750.0,1319.0,15431,10.0,0.0,Rendah,38.18,396
BATUNUNGGAL,22.645474009280413,28452.0,2634.0,25818,15.0,0.0,Rendah,38.17,397
SUMUR BANDUNG,22.91783802283228,9375.0,468.0,8907,12.0,0.0,Rendah,38.14,398
REGOL,22.791878783502423,18938.0,1415.0,17523,22.0,0.0,Rendah,38.11,399
ASTANAANYAR,22.456886927512247,17098.0,1127.0,15971,16.0,0.0,Rendah,38.05,400
CICENDO,25.20098561256238,24137.0,3768.0,20369,24.0,1.17,Sedang,37.94,401
CIDADAP,24.275074119603733,13428.0,1913.0,11515,15.0,0.0,Sedang,37.79,402
LENGKONG,23.053395838097416,16130.0,1150.0,14980,21.0,0.0,Rendah,37.79,402
SUKAJADI,23.49393097533235,25201.0,2979.0,22222,19.0,0.0,Rendah,37.77,404
BANDUNG WETAN,23.292889390519186,6604.0,526.0,6078,16.0,0.0,Rendah,37.61,405
ASTANAANYAR,22.48507393531818,16985.0,1280.0,15705,16.0,0.0,Rendah,37.57,406
CIBEUNYING KALER,22.27932285368803,16951.0,1237.0,15714,10.0,0.0,Rendah,37.48,407
REGOL,22.434662823178275,17589.0,1223.0,16366,20.0,0.0,Rendah,37.39,408
CIBEUNYING KIDUL,23.79795439872235,28014.0,3794.0,24220,17.0,0.0,Rendah,37.32,409
CIBEUNYING KIDUL,23.90250437491104,28547.0,3980.0,24567,15.0,0.0,Sedang,37.2,410
SUKAJADI,23.304184485761443,25557.0,3138.0,22419,22.0,0.0,Rendah,36.9,411
CICENDO,24.356431656414543,24193.0,3452.0,20741,25.0,0.0,Sedang,36.69,412
REGOL,22.105745254694416,17376.0,1281.0,16095,22.0,0.0,Rendah,36.5,413
LENGKONG,22.435693871070185,16956.0,1051.0,15905,22.0,0.0,Rendah,36.07,414
CICENDO,25.002621039609156,23848.0,4142.0,19706,26.0,0.59,Sedang,36.06,415
ASTANAANYAR,22.00208133205252,16491.0,1143.0,15348,14.0,0.0,Rendah,36.03,416
CIBEUNYING KIDUL,23.38178919157309,27569.0,3718.0,23851,17.0,0.0,Rendah,35.99,417
REGOL,22.0674559745299,17744.0,1421.0,16323,22.0,0.0,Rendah,35.86,418
CIDADAP,23.389273356401382,13519.0,1821.0,11698,16.0,0.0,Rendah,35.86,418
LENGKONG,22.328434081113933,16164.0,1065.0,15099,22.0,0.0,Rendah,35.79,420
CIBEUNYING KIDUL,23.43827780446269,26838.0,3747.0,23091,16.0,0.0,Rendah,35.73,421
CIDADAP,23.68944323933478,13105.0,1800.0,11305,13.0,0.0,Rendah,35.54,422
COBLONG,22.703545578866617,27227.0,2963.0,24264,21.0,0.0,Rendah,35.38,423
COBLONG,22.776207894873707,26276.0,3335.0,22941,24.0,0.0,Rendah,35.03,424
BANDUNG WETAN,23.173699907442323,6760.0,587.0,6173,16.0,0.0,Rendah,35.01,425
CICENDO,23.903724387462148,24312.0,3615.0,20697,28.0,0.0,Rendah,34.98,426
COBLONG,22.75903037611051,25669.0,3115.0,22554,21.0,0.0,Rendah,34.85,427
REGOL,21.73445513199253,18393.0,1227.0,17166,19.0,0.0,Rendah,34.67,428
COBLONG,22.598884777737247,26019.0,3052.0,22967,22.0,0.0,Rendah,34.61,429
LENGKONG,21.86605303293822,16344.0,1153.0,15191,23.0,0.0,Rendah,34.28,430
CIDADAP,22.82945146394682,13497.0,1692.0,11805,15.0,0.0,Rendah,34.23,431
CIDADAP,23.33720691776608,13656.0,1872.0,11784,14.0,0.0,Rendah,34.18,432
CIDADAP,23.112635908990047,13541.0,1898.0,11643,16.0,0.0,Rendah,34.01,433
CIBEUNYING KALER,21.56312941826942,16380.0,1284.0,15096,10.0,0.0,Rendah,33.98,434
BANDUNG WETAN,22.802825680448784,6585.0,598.0,5987,17.0,0.0,Rendah,33.91,435
REGOL,21.65730567639506,18470.0,1451.0,17019,21.0,0.0,Rendah,33.87,436
COBLONG,22.286192007032845,25858.0,2936.0,22922,21.0,0.0,Rendah,33.82,437
CICENDO,24.18472087403705,23420.0,3962.0,19458,28.0,0.0,Sedang,33.8,438
CIBEUNYING KALER,21.639737157455325,16433.0,1415.0,15018,9.0,0.0,Rendah,33.51,439
CICENDO,23.97951468349581,23786.0,3853.0,19933,27.0,0.0,Sedang,33.4,440
COBLONG,21.86688217976101,26516.0,2801.0,23715,23.0,0.0,Rendah,33.03,441
COBLONG,21.822441430332923,26547.0,2896.0,23651,23.0,0.0,Rendah,32.7,442
BANDUNG WETAN,22.41449373518456,6619.0,553.0,6066,17.0,0.0,Rendah,32.31,443
CICENDO,23.64560164874406,23176.0,3807.0,19369,27.0,0.0,Rendah,32.18,444
COBLONG,22.13557693118303,26257.0,3208.0,23049,20.0,0.0,Rendah,32.15,445
CIBEUNYING KIDUL,22.52825336671855,26632.0,3751.0,22881,16.0,0.0,Rendah,32.07,446
CIDADAP,22.379555070287974,13118.0,1727.0,11391,13.0,0.0,Rendah,31.92,447
COBLONG,21.616972009555724,26513.0,3037.0,23476,20.0,0.0,Rendah,31.0,448
BANDUNG WETAN,22.341526520051747,6908.0,606.0,6302,17.0,0.0,Rendah,30.83,449
BANDUNG WETAN,21.72297770923875,6198.0,527.0,5671,18.0,0.0,Rendah,30.76,450
CICENDO,23.62159559975828,23062.0,4097.0,18965,27.0,0.0,Rendah,30.6,451
BANDUNG WETAN,22.072930354796323,6719.0,558.0,6161,17.0,0.0,Rendah,30.41,452
COBLONG,21.20537187355639,25706.0,2870.0,22836,23.0,0.0,Rendah,30.2,453
CICENDO,23.077315693840468,22607.0,3669.0,18938,25.0,0.0,Rendah,29.95,454
COBLONG,21.41488408049805,26039.0,3277.0,22762,21.0,0.0,Rendah,29.38,455
CICENDO,22.406384284837326,21900.0,3432.0,18468,28.0,0.0,Rendah,29.35,456
BANDUNG WETAN,21.84236780844696,6568.0,576.0,5992,17.0,0.0,Rendah,29.31,457
CICENDO,23.211561370143578,22213.0,3893.0,18320,24.0,0.0,Rendah,29.16,458
COBLONG,21.343694716179428,26422.0,3239.0,23183,21.0,0.0,Rendah,29.08,459
BANDUNG WETAN,21.792722955513653,6241.0,608.0,5633,16.0,0.0,Rendah,28.35,460
CICENDO,21.98702733671632,21491.0,3532.0,17959,29.0,0.0,Rendah,27.56,461
BANDUNG WETAN,21.53529949106094,6601.0,537.0,6064,16.0,0.0,Rendah,27.54,462
CICENDO,22.6221928665786,22605.0,4169.0,18436,28.0,0.0,Rendah,27.06,463
BANDUNG WETAN,20.798784315020978,6296.0,538.0,5758,18.0,0.0,Rendah,26.17,464
BANDUNG WETAN,20.895422652856663,6254.0,577.0,5677,17.0,0.0,Rendah,25.82,465
CICENDO,22.618154142133804,21397.0,4182.0,17215,26.0,0.0,Rendah,25.68,466
CICENDO,21.62348642397621,22251.0,4138.0,18113,26.0,0.0,Rendah,22.71,467
